section,요약 정보
항목,값
생성시각(KST),2026-03-23T15:24:10
생성시각(UTC),2026-03-23T06:24:10.000Z
단말,iPhone 16 Pro
비교 앱 목록,자사앱 | 타사앱1 | 타사앱2
비교 기준,수치가 낮을수록 우수

section,1) 지표 평균 요약 (낮을수록 우수)
지표,단위,자사앱,타사앱1,타사앱2,1등(최저),꼴등(최고),최대-최소,격차(%),순위
E2E 응답시간,ms,8421,7905,9150,타사앱1(7905),타사앱2(9150),1245,15.75%,1위 타사앱1(7905) > 2위 자사앱(8421) > 3위 타사앱2(9150)
메모리 변화량,MB,15.2,14.7,17.1,타사앱1(14.7),타사앱2(17.1),2.4,16.33%,1위 타사앱1(14.7) > 2위 자사앱(15.2) > 3위 타사앱2(17.1)
CPU 평균 사용률,%,18.6,22.3,20.1,자사앱(18.6),타사앱1(22.3),3.7,19.89%,1위 자사앱(18.6) > 2위 타사앱2(20.1) > 3위 타사앱1(22.3)
평균 전류,mA,512,468,590,타사앱1(468),타사앱2(590),122,26.07%,1위 타사앱1(468) > 2위 자사앱(512) > 3위 타사앱2(590)

section,2) 케이스별 스냅샷 비교 (낮을수록 우수)
번호,케이스,지표,단위,자사앱,타사앱1,타사앱2,1등(최저),꼴등(최고),최대-최소,격차(%),순위
045,영문 디폴트 설정,E2E 응답시간,ms,8421,7905,9150,타사앱1(7905),타사앱2(9150),1245,15.75%,1위 타사앱1(7905) > 2위 자사앱(8421) > 3위 타사앱2(9150)
045,영문 디폴트 설정,메모리 변화량,MB,15.2,14.7,17.1,타사앱1(14.7),타사앱2(17.1),2.4,16.33%,1위 타사앱1(14.7) > 2위 자사앱(15.2) > 3위 타사앱2(17.1)
045,영문 디폴트 설정,CPU 평균 사용률,%,18.6,22.3,20.1,자사앱(18.6),타사앱1(22.3),3.7,19.89%,1위 자사앱(18.6) > 2위 타사앱2(20.1) > 3위 타사앱1(22.3)
045,영문 디폴트 설정,평균 전류,mA,512,468,590,타사앱1(468),타사앱2(590),122,26.07%,1위 타사앱1(468) > 2위 자사앱(512) > 3위 타사앱2(590)

section,3) 기준 앱 대비 차이 (기준: 자사앱)
번호,케이스,지표,단위,비교앱,기준값,비교값,차이(비교-기준),차이율(%),판정
045,영문 디폴트 설정,E2E 응답시간,ms,타사앱1,8421,7905,-516,-6.13%,우수 또는 동일
045,영문 디폴트 설정,E2E 응답시간,ms,타사앱2,8421,9150,729,8.66%,열위
045,영문 디폴트 설정,메모리 변화량,MB,타사앱1,15.2,14.7,-0.5,-3.29%,우수 또는 동일
045,영문 디폴트 설정,메모리 변화량,MB,타사앱2,15.2,17.1,1.9,12.5%,열위
